SID,ever_rlshp,FSMI_2,num_rlshp,sexuality,attraction,gender,mate_seeking,K_SRQ_19,K_SRQ_23,K_SRQ_9,KSRQ_sex_mean,TESTmean_wave1,TESTcoef_imp_wave1,TESTranef_imp_wave1,TESTmean_wave2,TESTcoef_imp_wave2,TESTranef_imp_wave2,TESTmean_wave3,TESTcoef_imp_wave3,TESTranef_imp_wave3,w3_age,age_menarche,PUBcomp
TAG001,2,1,1,1,5,2,2.5,4,NA,4,4,3.942321542,3.912036204,0.213221395,4.29485344,4.289238109,0.087590688,3.611695537,3.822464563,-0.601218698,15.29315068,11.75342466,4.5
TAG002,NA,NA,NA,NA,NA,NA,NA,4,NA,6,5,3.519668158,3.624095202,-0.074719607,3.80658953,3.879112328,-0.322535093,4.039000245,4.101986589,-0.321696672,14.80055393,13.67671233,5
TAG003,2,3,4,1,4,2,3.666666667,6,6,5,5.667,3.513089399,3.535083709,-0.1637311,3.784230753,3.832272652,-0.369374768,4.242654618,4.25681868,-0.166864581,15.58630137,13.81643836,4.75
TAG004,NA,NA,NA,NA,NA,NA,NA,5,NA,4,4.5,3.905008235,3.883807065,0.184992256,4.370552196,4.390667856,0.189020435,NA,NA,NA,15.15890411,11.35616438,NA
TAG005,4,NA,NA,1,5,2,3.333333333,3,1,7,3.667,4.096272426,4.035355149,0.33654034,3.778462151,3.776386888,-0.425260533,4.973227511,4.930907501,0.507224241,13.73150685,NA,4.75
TAG006,NA,NA,NA,NA,NA,NA,NA,NA,NA,NA,NA,3.615245392,3.895475679,0.19666087,NA,NA,NA,NA,NA,NA,NA,NA,NA
TAG007,1,4,1,1,4,2,4,5,6,4,5,4.063151978,4.026643441,0.327828632,4.509568118,4.479111506,0.277464086,4.554376925,4.552836326,0.129153066,15.67123288,13.82739726,5
TAG008,2,3,4,3,3,2,4,7,NA,4,5.5,3.909234576,4.060265573,0.361450764,4.775842638,4.702293034,0.500645613,4.358002353,4.366974035,-0.056709226,14.91538289,13.22465753,5
TAG009,4,NA,NA,1,5,2,5.166666667,5,6,6,5.667,3.847230728,3.845039082,0.146224273,NA,NA,NA,4.059215348,4.119383545,-0.304299715,15.6,12.85753425,4.5
TAG010,2,NA,2,1,5,2,1.666666667,2,4,3,3,4.137028239,4.088128564,0.389313755,4.803752397,4.754030059,0.552382639,4.708690386,4.683374652,0.259691392,14.93881279,11.63835616,4.5
TAG011,2,NA,NA,NA,NA,NA,NA,5,7,1,4.333,3.335445516,3.383498787,-0.315316022,4.232267073,4.245122626,0.043475206,4.762016921,4.723545267,0.299862006,15.61643836,13.40547945,4.5
TAG012,NA,NA,NA,NA,NA,NA,NA,NA,NA,NA,NA,NA,NA,NA,NA,NA,NA,NA,NA,NA,NA,NA,NA
TAG013,NA,NA,NA,NA,NA,NA,NA,NA,NA,NA,NA,3.887288017,3.859767823,0.160953014,NA,NA,NA,NA,NA,NA,NA,NA,NA
TAG014,3,NA,NA,NA,NA,2,4,2,2,2,2,3.992682426,3.966044307,0.267229498,4.23520381,4.233629625,0.031982204,NA,NA,NA,15.14794521,NA,5
TAG015,3,NA,NA,NA,NA,2,2.333333333,5,2,5,4,2.984087386,3.078025043,-0.620789766,NA,NA,NA,NA,NA,NA,13.65205479,NA,4.75
TAG016,3,NA,NA,4,4,2,2.333333333,2,NA,3,2.5,4.163917481,4.138408752,0.439593943,4.699222116,4.635408192,0.433760771,4.183814941,4.208603504,-0.215079756,15.50684932,9.605479452,4.75
TAG017,NA,NA,NA,NA,NA,NA,NA,1,1,4,2,NA,NA,NA,3.858033925,3.912941276,-0.288706144,NA,NA,NA,14.74760087,NA,NA
TAG018,1,3,4,1,5,2,2.333333333,5,5,4,4.667,3.628246461,3.639417438,-0.059397371,3.878182447,3.863002738,-0.338644683,NA,NA,NA,15.69589041,13.00547945,5
TAG019,2,3,1,1,5,2,4.666666667,5,NA,5,5,3.25204857,3.378702408,-0.320112401,3.722150994,3.763665705,-0.437981715,4.76836973,4.758365622,0.334682361,15.6,12.1890411,4.75
TAG020,2,2,2,1,5,2,4.166666667,7,NA,7,7,4.241924363,4.190236917,0.491422108,4.680041666,4.6331104,0.431462979,4.462691164,4.465251615,0.041568354,14.76820121,11.2630137,5
TAG022,3,NA,NA,1,5,2,3,2,NA,4,3,4.270043746,4.218855683,0.520040874,4.574105855,4.482962674,0.281315253,4.438326417,4.460043889,0.036360629,15.03835616,11.4109589,4.25
TAG023,NA,NA,NA,NA,NA,NA,NA,NA,NA,NA,NA,3.350109422,3.416039681,-0.282775128,NA,NA,NA,NA,NA,NA,NA,NA,NA
TAG026,1,1,1,1,5,2,5.166666667,5,NA,6,5.5,4.283034947,4.214834696,0.516019887,4.536109932,4.511174453,0.309527033,4.702325712,4.683547833,0.259864573,15.16164384,13.11780822,4.5
TAG027,2,NA,4,2,6,4,4.833333333,3,7,2,4,3.501388423,3.527643917,-0.171170892,3.825249611,3.870265453,-0.331381968,4.131872695,4.170485048,-0.253198212,15.84931507,12.30410959,5
TAG028,1,1,3,1,5,2,3.166666667,6,7,6,6.333,3.561254001,3.618065896,-0.080748913,4.279772578,4.28310901,0.08146159,4.557214471,4.610055939,0.186372679,15.5369863,11.40273973,4.75
TAG030,3,NA,NA,1,5,2,1.333333333,1,NA,4,2.5,3.505458833,3.521263079,-0.17755173,NA,NA,NA,4.018449569,4.043645938,-0.380037323,13.73424658,12.14246575,4
TAG032,3,NA,NA,NA,NA,2,3.666666667,3,4,6,4.333,3.795220524,3.804067911,0.105253102,4.483660074,4.455833677,0.254186256,4.253929122,4.26950178,-0.154181481,15.6109589,12.54246575,5
TAG033,2,5,5,5,3,4,5.4,3,NA,6,4.5,4.02015438,3.987603731,0.288788922,4.428275903,4.401341841,0.199694421,5.516054343,5.437233974,1.013550713,15.23561644,13.63561644,4.25
TAG034,3,NA,NA,1,5,2,5.666666667,3,NA,6,4.5,3.537197136,3.590207148,-0.108607661,4.337224285,4.3331459,0.131498479,3.183587144,3.368738362,-1.054944898,14.92950071,13.10958904,4.5
TAG035,2,NA,2,1,5,2,7,3,NA,7,5,3.432456382,3.466343958,-0.232470851,3.979267383,4.027576805,-0.174070616,3.502987215,3.559850943,-0.863832318,15.19452055,12.84109589,4.75
TAG036,1,1,3,1,5,2,2.666666667,5,6,5,5.333,4.798619489,4.688837167,0.990022358,5.158823394,5.061432198,0.859784777,4.336383708,4.344876282,-0.078806979,15.88493151,13.1260274,4.75
TAG037,3,NA,NA,1,5,2,4.166666667,5,NA,6,5.5,4.115962802,4.072371984,0.373557175,4.04313016,4.049295977,-0.152351444,5.496348494,5.4190687,0.995385439,14.80665469,14.01917808,4.25
TAG038,2,5,1,1,5,2,2.666666667,4,4,4,4,2.972690286,3.093502025,-0.605312784,3.064627718,3.211805872,-0.989841549,3.548765417,3.647481497,-0.776201763,13.14794521,NA,3
TAG040,2,5,1,1,5,2,1.833333333,5,7,4,5.333,3.890560227,3.921532197,0.222717388,NA,NA,NA,4.246230489,4.337170797,-0.086512464,14.37808219,11.15068493,4.75
TAG041,2,4,2,1,5,2,5.666666667,6,6,6,6,3.456642603,3.507476253,-0.191338556,4.104622642,4.112040493,-0.089606928,4.423295509,4.424178242,0.000494982,15.15890411,11.01643836,5
TAG042,2,5,3,1,5,2,3,4,4,4,4,4.133169962,4.083301376,0.384486567,4.468651538,4.397071207,0.195423786,5.069846519,5.01562737,0.591944109,15.63561644,11.70684932,5
TAG044,2,2,4,1,5,2,4.833333333,6,NA,6,6,4.108075082,4.169657097,0.470842288,3.852746247,4.129683001,-0.07196442,5.921507019,5.749924091,1.32624083,14.29041096,11.79178082,5
TAG045,3,NA,NA,1,5,2,4,4,4,4,4,NA,NA,NA,4.145000865,4.153897013,-0.047750408,4.400285041,4.408427086,-0.015256175,14.15342466,11.62465753,4.5
TAG046,3,NA,NA,NA,NA,2,4,4,4,4,4,3.046224921,3.140656603,-0.558158206,3.938550946,4.036764738,-0.164882682,3.589975492,3.669849602,-0.753833659,13.45479452,NA,3.5
TAG047,1,2,1,1,5,2,3.5,4,1,4,3,3.531198526,3.558501827,-0.140312982,3.95495192,4.034142377,-0.167505044,4.479206388,4.476885057,0.053201797,14.70684932,NA,4.75
TAG048,2,4,3,5,2,4,6,6,5,6,5.667,4.157643321,4.099753179,0.40093837,4.510908595,4.456823726,0.255176305,NA,NA,NA,15.25753425,11.80547945,4.75
TAG049,NA,NA,0,1,5,2,4.333333333,4,4,4,4,3.666392006,3.669874114,-0.028940695,4.207218042,4.213751881,0.01210446,4.249488624,4.279879591,-0.14380367,14.48767123,12.34246575,4.25
TAG050,2,4,3,1,4,2,3,3,NA,1,2,NA,NA,NA,4.313685687,4.345957492,0.144310072,4.08237099,4.263402887,-0.160280374,15.76164384,13.02191781,5
TAG051,1,2,1,1,5,2,1.5,5,NA,5,5,3.859723103,3.853934945,0.155120136,3.994481461,4.043124231,-0.15852319,5.463726334,5.37447233,0.95078907,14.76294633,12.43835616,4.25
TAG052,2,2,2,3,4,2,2.833333333,5,6,1,4,NA,NA,NA,4.25568609,4.35300788,0.151360459,3.819052087,3.996501599,-0.427181662,14.29315068,12.30410959,4.5
TAG053,2,5,2,2,1,3,5.333333333,6,4,7,5.667,3.853675819,3.833931996,0.135117187,3.584707845,4.116150985,-0.085496435,3.724326144,3.902466568,-0.521216693,15.67671233,12.36986301,4.75
TAG054,3,NA,NA,1,5,2,NA,4,4,4,4,3.193321163,3.249783883,-0.449030926,3.857757178,3.889286105,-0.312361315,3.950097572,3.994070811,-0.42961245,13.46027397,NA,3.5
TAG055,3,NA,NA,4,6,2,1,1,NA,4,2.5,3.511668275,3.548338867,-0.150475942,4.270089469,4.243962422,0.042315002,4.365558658,4.385612436,-0.038070825,16.12876712,14.41917808,4.75
TAG056,1,2,3,2,1,2,2.666666667,5,7,4,5.333,3.460720416,3.488933978,-0.209880831,4.307514161,4.30874588,0.107098459,4.430409737,4.433857293,0.010174032,15.47945205,12.57260274,5
TAG057,1,3,5,5,3,2,1,5,NA,4,4.5,4.597829215,4.49261596,0.793801151,4.726762359,4.678659905,0.477012484,4.759644484,4.730720207,0.307036946,15.15616438,13.62465753,5
TAG058,2,5,1,3,2,2,2.166666667,7,NA,3,5,3.832352022,3.834641284,0.135826475,NA,NA,NA,4.825012378,4.788797076,0.365113815,14.52008384,12.11232877,4.75
TAG059,1,4,5,1,5,2,4.5,7,7,7,7,3.788883576,3.77523491,0.076420101,4.269170833,4.336681899,0.135034479,4.539817083,4.620738927,0.197055667,14.82640916,NA,4.25
TAG060,3,NA,NA,1,5,2,3,4,NA,4,4,3.180063663,3.238641359,-0.46017345,3.891290457,3.909901914,-0.291745507,5.056877711,5.003050895,0.579367634,13.73972603,NA,4
TAG062,4,NA,NA,1,5,2,4.166666667,1,6,7,4.667,3.197016448,3.266715163,-0.432099646,3.601979763,3.691768904,-0.509878517,3.648183651,3.793189829,-0.630493431,13.16986301,10.56712329,5
TAG064,2,NA,2,1,5,2,4.166666667,5,6,6,5.667,4.030609884,4.056197857,0.357383048,NA,NA,NA,3.986262208,4.086834944,-0.336848317,13.86849315,NA,4.75
TAG065,1,3,1,1,4,2,3.166666667,6,7,5,6,3.431820875,3.463976957,-0.234837852,3.83956342,3.903491873,-0.298155548,4.165607909,4.189744506,-0.233938755,13.44657534,12.4,4.25
TAG066,1,1,1,3,4,2,4.166666667,4,4,5,4.333,4.445835492,4.384899078,0.686084269,4.289933844,4.31057287,0.108925449,4.429394519,4.435219711,0.01153645,14.88106894,12.05479452,5
TAG067,1,4,4,1,5,2,4.666666667,6,NA,4,5,3.768658227,3.788442652,0.089627843,4.151701591,4.167330748,-0.034316673,NA,NA,NA,15.40273973,11.67671233,4.75
TAG068,2,2,2,1,4,2,4.666666667,4,4,4,4,4.053330706,4.027650745,0.328835936,4.524321074,4.511462344,0.309814924,NA,NA,NA,14.4739726,12.49041096,4
TAG069,3,NA,NA,5,3,2,1,1,NA,4,2.5,3.505026015,3.577671941,-0.121142868,3.974805217,3.949614367,-0.252033054,NA,NA,NA,15.05753425,12.28219178,5
TAG070,3,NA,NA,NA,NA,2,4,4,4,4,4,3.121061183,3.208046516,-0.490768293,3.767880267,3.827263757,-0.374383664,3.822090436,3.911203379,-0.512479882,15.21369863,NA,3.75
TAG071,3,NA,NA,NA,NA,2,4.5,4,4,5,4.333,4.11489801,4.082450418,0.383635609,4.563110325,4.532297237,0.330649816,4.677775785,4.649351078,0.225667817,14.32054795,NA,4
TAG072,2,NA,1,1,5,2,3.166666667,5,5,5,5,3.937307149,3.90524759,0.206432781,4.45311599,4.411471042,0.209823621,NA,NA,NA,15.85753425,NA,4.75
TAG073,2,3,1,1,5,2,5.833333333,7,4,6,5.667,3.300844236,3.37052533,-0.32828948,4.146916984,4.163510464,-0.038136957,NA,NA,NA,14.36986301,11.67123288,3.75
TAG074,3,NA,NA,1,5,2,3.166666667,4,2,3,3,2.90458272,3.010383268,-0.688431541,3.709950228,3.774489374,-0.427158047,NA,NA,NA,13.92054795,NA,4.25
TAG075,2,2,2,1,5,2,3.666666667,6,6,5,5.667,4.177099091,4.128792249,0.42997744,4.687589088,4.63833472,0.4366873,4.419159067,4.420091141,-0.00359212,16.06575342,13.18630137,5
TAG076,2,1,1,1,5,2,5.333333333,6,6,6,6,3.731594189,3.744025866,0.045211057,4.187633656,4.202814821,0.001167401,4.469353961,4.494034887,0.070351626,15.55342466,14.08219178,4.5
TAG077,1,2,5,5,6,4,4,NA,NA,NA,NA,2.705572897,2.896146391,-0.802668418,3.931444187,3.962075495,-0.239571926,NA,NA,NA,13.71232877,NA,4.75
TAG078,4,NA,NA,1,5,2,5.166666667,6,5,5,5.333,3.708103587,3.706362704,0.007547895,4.14700982,4.156484963,-0.045162457,4.022221531,4.058332973,-0.365350288,14.11780822,NA,3.5
TAG079,NA,NA,NA,NA,NA,NA,NA,NA,NA,NA,NA,3.749781007,3.740320213,0.041505404,4.465845077,4.463252722,0.261605301,NA,NA,NA,NA,NA,NA
TAG080,3,NA,NA,NA,NA,2,2.666666667,4,4,4,4,3.72853394,3.732476155,0.033661346,4.370064482,4.355798145,0.154150724,NA,NA,NA,15.15616438,11.45479452,3.75
TAG081,NA,NA,NA,NA,NA,NA,NA,NA,NA,NA,NA,3.709221965,3.73896972,0.040154911,4.325078554,4.28211321,0.080465789,NA,NA,NA,NA,NA,NA
TAG083,NA,NA,NA,NA,NA,NA,NA,NA,NA,NA,NA,3.462079765,3.508036393,-0.190778416,NA,NA,NA,NA,NA,NA,NA,NA,NA
TAG084,2,NA,3,1,5,2,4.833333333,6,4,6,5.333,3.73998925,3.777464278,0.078649469,4.207405585,4.181037507,-0.020609913,4.418737907,4.567690266,0.144007005,14.5914814,11.81917808,5
TAG085,2,4,1,3,3,4,3.666666667,7,7,7,7,3.889016057,3.88275625,0.183941441,4.285509385,4.321480382,0.119832961,4.338494463,4.347156219,-0.076527042,15.18356164,11.75342466,4.25
TAG086,3,NA,NA,1,5,2,4.166666667,4,4,6,4.667,3.611308921,3.654689894,-0.044124915,4.53167028,4.510417206,0.308769785,4.176877256,4.202699417,-0.220983844,14.50408713,13.38082192,5
TAG087,3,NA,NA,1,4,2,3.833333333,5,5,4,4.667,3.239973178,3.291014629,-0.40780018,3.776798488,3.815154994,-0.386492426,NA,NA,NA,14.49863014,10.65753425,4.5
TAG088,2,3,4,1,5,2,5.166666667,5,6,6,5.667,3.776667555,3.769629999,0.07081519,4.460087638,4.437851356,0.236203935,4.377044053,4.404463299,-0.019219962,15.53972603,11.30136986,4.5
TAG089,3,NA,NA,1,3,2,1.5,1,1,5,2.333,3.612574275,3.615976624,-0.082838185,4.028259065,4.046730646,-0.154916775,3.667844196,3.740897108,-0.682786153,14.56667415,NA,4.25
TAG090,2,3,5,5,3,2,4.333333333,4,5,4,4.333,4.763198939,4.644183833,0.945369024,4.988185576,4.923526094,0.721878673,4.562318807,4.550712732,0.127029471,14.60523991,11.08493151,4.5
TAG091,NA,NA,NA,NA,NA,NA,NA,NA,NA,NA,NA,4.240607673,4.189883123,0.491068314,NA,NA,NA,NA,NA,NA,NA,11.83287671,NA
TAG093,1,4,1,1,5,2,1.666666667,5,6,6,5.667,4.054067927,4.021399642,0.322584833,3.874770511,3.928357973,-0.273289447,4.600414609,4.593846662,0.170163401,15.09863014,12.42191781,4.5
TAG094,3,NA,1,1,5,2,4.333333333,4,4,4,4,3.93513789,3.916304465,0.217489656,4.020385758,4.054150529,-0.147496892,3.568935106,3.634445948,-0.789237313,14.2630137,NA,5
TAG095,3,NA,NA,NA,NA,2,1,2,5,4,3.667,3.314059479,3.352078386,-0.346736423,3.806243304,3.849153673,-0.352493748,NA,NA,NA,13.63661202,NA,4.5
TAG098,3,NA,NA,NA,NA,2,2,1,1,2,1.333,3.477273317,3.493274002,-0.205540807,NA,NA,NA,NA,NA,NA,14.84931507,12.34794521,4.75
TAG099,2,NA,2,2,1,2,3.166666667,4,4,4,4,3.51878881,3.537977103,-0.160837706,3.781124676,3.813195377,-0.388452044,NA,NA,NA,15.67213115,NA,4.75
TAG100,2,2,5,1,5,2,4,5,4,5,4.667,2.888114777,2.953488831,-0.745325978,3.68262662,3.738322829,-0.463324592,NA,NA,NA,14.69589041,NA,4.25
TAG101,2,NA,2,4,2,2,3,6,6,5,5.667,4.458446845,4.389905137,0.691090328,4.444376162,4.422651114,0.221003693,NA,NA,NA,15.79452055,12.35616438,4.75
TAG102,2,3,4,1,5,2,3,2,2,2,2,3.883898177,3.873709119,0.17489431,NA,NA,NA,NA,NA,NA,15.04109589,NA,3.75
TAG103,3,NA,NA,3,2,2,2.666666667,3,4,2,3,3.386197262,3.41824694,-0.280567869,3.845761393,3.910831408,-0.290816012,NA,NA,NA,16.03013699,13.07123288,4.75
TAG104,4,NA,NA,1,5,2,6.333333333,5,4,6,5,5.01164161,4.869377018,1.170562209,4.974333602,4.879784365,0.678136945,5.728851988,5.634769175,1.211085914,14.36438356,12.15890411,4.5
TAG105,NA,NA,NA,NA,NA,NA,NA,3,3,5,3.667,3.486719256,3.511130766,-0.187684043,NA,NA,NA,NA,NA,NA,14.52034583,12.52328767,NA
TAG106,3,NA,NA,1,5,2,2.666666667,6,4,6,5.333,3.189574015,3.23707448,-0.461740329,3.955084697,3.963666895,-0.237980525,NA,NA,NA,13.71232877,NA,4.75
TAG107,NA,NA,NA,NA,NA,NA,NA,NA,NA,NA,NA,4.610234786,4.508366592,0.809551783,4.624654919,4.586754081,0.38510666,NA,NA,NA,NA,11.66575342,NA
TAG109,NA,NA,NA,NA,NA,NA,NA,NA,NA,NA,NA,3.71176573,3.731943332,0.033128523,NA,NA,NA,NA,NA,NA,NA,NA,NA
TAG110,4,NA,NA,1,4,2,4,5,4,5,4.667,3.504277084,3.52428978,-0.174525029,4.439368934,4.3643567,0.16270928,NA,NA,NA,13.83013699,NA,4.5
TAG111,2,NA,3,1,5,2,4.5,6,6,5,5.667,3.785901328,3.782718867,0.083904058,4.306101181,4.280763952,0.079116532,NA,NA,NA,15.08196721,11.49315068,5
TAG112,4,NA,NA,2,1,2,4.833333333,6,4,6,5.333,3.196320734,3.246542387,-0.452272422,4.252773862,4.269717772,0.068070351,NA,NA,NA,14.6381316,NA,4
TAG113,3,NA,NA,NA,NA,2,4,4,4,6,4.667,3.744679893,3.747976448,0.049161639,4.108305438,4.124063988,-0.077583433,NA,NA,NA,14.68219178,12.8109589,4
TAG114,NA,NA,NA,NA,NA,NA,NA,NA,NA,NA,NA,3.066294821,3.16198857,-0.536826239,3.611340228,3.716659708,-0.484987712,NA,NA,NA,NA,11.10684932,NA
TAG116,4,NA,NA,1,5,2,NA,4,4,4,4,3.055232211,3.225626329,-0.47318848,3.363029724,3.696804287,-0.504843134,NA,NA,NA,14.47945205,NA,NA
TAG117,1,1,1,1,5,2,4.833333333,5,4,5,4.667,NA,NA,NA,4.294994549,4.288828114,0.087180694,NA,NA,NA,14.66027397,NA,4.5
TAG119,4,NA,NA,4,6,2,3.333333333,2,1,3,2,4.059433237,4.016808791,0.317993982,4.466085999,4.431785784,0.230138363,4.517010598,4.519084895,0.095401635,15.95068493,12.96712329,4.5
TAG120,4,NA,NA,1,4,2,6.833333333,7,7,7,7,3.745435893,3.743258892,0.044444083,4.354365697,4.326220737,0.124573317,NA,NA,NA,15.54644809,13.16712329,4.75
TAG122,3,NA,NA,NA,NA,3,NA,5,4,5,4.667,3.004402623,3.095149509,-0.6036653,3.81548461,3.853647087,-0.348000334,NA,NA,NA,14.28961749,NA,4.75
TAG124,2,4,1,5,2,4,1.166666667,2,1,1,1.333,4.0172394,3.993889497,0.295074688,4.339902154,4.358752587,0.157105166,NA,NA,NA,14.57260274,NA,5
TAG125,NA,NA,NA,NA,NA,NA,NA,NA,NA,NA,NA,3.616743084,3.645392834,-0.053421975,4.04329908,4.064623253,-0.137024167,NA,NA,NA,NA,NA,NA
TAG127,NA,NA,NA,NA,NA,NA,NA,1,1,1,1,4.031959611,4.075872243,0.377057434,NA,NA,NA,NA,NA,NA,14.23561644,NA,2.5
TAG130,2,3,2,1,4,2,3,4,4,4,4,3.641292995,3.721687345,0.022872536,4.474399106,4.39723463,0.19558721,NA,NA,NA,15.28493151,7.945205479,4.75
TAG131,NA,NA,NA,NA,NA,NA,NA,5,4,4,4.333,3.333703391,3.373057323,-0.325757486,3.552858596,3.641291184,-0.560356237,NA,NA,NA,14.90920728,13.14520548,NA
TAG132,4,NA,NA,1,5,2,5,6,7,7,6.667,3.394205706,3.441475527,-0.257339282,4.113470238,4.135669193,-0.065978228,NA,NA,NA,15.14754098,NA,4.5
TAG137,NA,NA,NA,NA,NA,NA,NA,NA,NA,NA,NA,2.840648779,2.953085103,-0.745729706,NA,NA,NA,NA,NA,NA,NA,NA,NA
TAG138,4,NA,NA,3,3,2,4.333333333,5,4,4,4.333,3.690403937,3.74001044,0.041195631,4.417130388,4.39400949,0.192362069,4.288841448,4.299768937,-0.123914324,14.12054795,11.87945205,5
TAG140,4,NA,NA,1,5,2,4.5,4,4,4,4,3.995762718,3.975146192,0.276331383,4.316395574,4.287202876,0.085555455,4.439522141,4.438618351,0.014935091,15.51506849,12.69863014,4.75
TAG141,NA,NA,NA,NA,NA,NA,NA,2,1,6,3,3.987907258,3.951315085,0.252500276,4.356338222,4.34215034,0.14050292,NA,NA,NA,15.1420765,11.17260274,NA
TAG143,NA,NA,NA,NA,NA,NA,NA,NA,NA,NA,NA,3.717369725,4.092101005,0.393286196,NA,NA,NA,NA,NA,NA,15.70491803,11.01643836,NA
TAG144,2,2,2,1,5,2,3.666666667,6,6,2,4.667,3.365213778,3.397347042,-0.301467767,3.601082148,3.665816184,-0.535831237,NA,NA,NA,15.94262295,NA,4.75
TAG145,NA,NA,NA,NA,NA,NA,NA,NA,NA,NA,NA,4.056720898,4.039575105,0.340760296,NA,NA,NA,NA,NA,NA,NA,NA,NA
TAG147,1,1,1,4,2,2,3.333333333,6,4,6,5.333,3.30716358,3.362321437,-0.336493372,4.445194158,4.414700303,0.213052882,NA,NA,NA,13.4863388,NA,5
TAG149,3,NA,NA,1,5,2,2.666666667,5,6,6,5.667,3.870134717,3.865999466,0.167184657,4.186556041,4.244559757,0.042912337,4.196238455,4.218675336,-0.205007924,15.39178082,13.36164384,4.75
TAG152,3,NA,NA,NA,NA,3,1.666666667,4,3,5,4,3.552703674,3.59195194,-0.106862869,4.336259229,4.331659584,0.130012164,NA,NA,NA,14.46174863,NA,4
TAG155,2,1,2,1,5,2,3.5,5,4,5,4.667,3.343991365,3.491762659,-0.20705215,4.163463942,4.168937417,-0.032710003,NA,NA,NA,15.95616438,NA,5
TAG159,2,4,3,1,5,2,4,5,5,6,5.333,3.719553735,3.729815151,0.031000342,4.289173402,4.307812112,0.106164691,4.756020807,4.728342462,0.304659201,15.41917808,NA,4.5
TAG160,4,NA,NA,1,5,2,3.666666667,6,7,7,6.667,4.039378132,4.004193024,0.305378215,4.250555888,4.260923113,0.059275692,4.893605748,4.861805124,0.438121863,15.33150685,13.19178082,4.25
TAG164,2,1,1,1,5,2,4.333333333,6,7,5,6,3.729485238,3.735888921,0.037074112,4.370223203,4.306599098,0.104951677,4.799195788,4.767056411,0.34337315,15.38082192,12.05205479,4
TAG165,NA,NA,NA,NA,NA,NA,NA,NA,NA,NA,NA,3.500479003,3.535120933,-0.163693876,NA,NA,NA,NA,NA,NA,NA,NA,NA
TAG166,NA,NA,NA,NA,NA,NA,NA,NA,NA,NA,NA,4.096208066,4.114911282,0.416096473,4.467560557,4.464402145,0.262754724,NA,NA,NA,NA,12.3369863,NA
TAG167,4,NA,NA,3,4,2,5.833333333,4,4,6,4.667,3.921135696,3.896986178,0.198171369,4.48213916,4.446044629,0.244397209,NA,NA,NA,15.44808743,13.90684932,4.75
TAG169,2,NA,3,3,6,2,5.166666667,6,7,6,6.333,3.748206807,3.740746263,0.041931454,NA,NA,NA,NA,NA,NA,15.21643836,11.36986301,4.5
TAG170,NA,NA,NA,NA,NA,NA,NA,NA,NA,NA,NA,3.550059978,3.640122488,-0.058692321,NA,NA,NA,NA,NA,NA,NA,NA,NA
TAG173,4,NA,NA,3,3,2,4,6,NA,6,6,4.31687966,4.245665202,0.546850393,4.427724814,4.433769736,0.232122316,NA,NA,NA,15.63661202,12.13972603,4.75
TAG174,NA,NA,NA,NA,NA,NA,NA,NA,NA,NA,NA,NA,NA,NA,NA,NA,NA,NA,NA,NA,NA,NA,NA
TAG175,NA,NA,NA,NA,NA,NA,NA,NA,NA,NA,NA,3.190498133,3.225486461,-0.473328348,4.139235559,4.189861374,-0.011786047,NA,NA,NA,NA,NA,NA
TAG176,1,5,NA,1,5,2,2.333333333,5,3,2,3.333,3.892183467,3.88584865,0.187033841,4.474736419,4.454394539,0.252747119,NA,NA,NA,15.93150685,12.37260274,4.5
TAG177,NA,NA,NA,NA,NA,NA,NA,4,5,5,4.667,3.72343352,3.739686628,0.040871819,4.412809766,4.400133373,0.198485952,NA,NA,NA,13.36164384,10.07123288,4.25
TAG179,4,NA,NA,NA,4,2,6.166666667,5,6,7,6,3.438435343,3.515233994,-0.183580815,4.264965445,4.268074806,0.066427385,NA,NA,NA,14.4630137,NA,4.75
TAG180,3,NA,NA,5,6,4,1.333333333,3,2,2,2.333,3.925514621,4.044965885,0.346151076,4.58786705,4.583567703,0.381920282,NA,NA,NA,16.6506475,11.88767123,5
TAG181,2,NA,1,3,4,2,5.666666667,5,6,5,5.333,3.917194952,3.888583078,0.189768269,4.454427022,4.409042824,0.207395403,4.860338787,4.825435248,0.401751987,15.95342466,12.13424658,4.75
TAG186,2,3,1,4,2,2,4.5,2,4,4,3.333,3.625531004,3.630318933,-0.068495876,4.456008197,4.441503781,0.239856361,NA,NA,NA,16.63661202,14.3260274,4.75
TAG188,NA,NA,NA,NA,NA,NA,NA,1,4,4,3,3.301596305,3.340135946,-0.358678863,3.713541739,3.770285389,-0.431362032,NA,NA,NA,13.40273973,NA,NA
TAG190,1,2,7,3,4,4,3,7,5,6,6,3.078247608,3.298229997,-0.400584812,4.018968351,4.056977481,-0.14466994,NA,NA,NA,15.21917808,11.65205479,5
TAG192,2,NA,2,1,5,2,3.833333333,5,5,5,5,3.199742907,3.289899359,-0.40891545,3.980517415,3.984005391,-0.21764203,NA,NA,NA,14.56682386,NA,4
TAG194,NA,NA,NA,NA,NA,NA,NA,6,4,6,5.333,3.885145145,3.862204481,0.163389672,4.209292442,4.213088131,0.01144071,NA,NA,NA,14.5476383,NA,NA
TAG200,1,0,2,1,5,2,1,1,1,1,1,3.527304416,3.568883213,-0.129931597,4.046137379,4.057310062,-0.144337359,NA,NA,NA,14.56438356,NA,4
TAG202,2,0,3,1,5,2,5,6,7,6,6.333,4.290888796,4.230862742,0.532047933,4.581410283,4.566730735,0.365083314,NA,NA,NA,15.48767123,13.20273973,4.75
TAG203,1,1,3,3,4,2,3,6,6,5,5.667,4.085949557,4.065517816,0.366703007,4.497645905,4.472329683,0.270682262,NA,NA,NA,16.05205479,NA,4.5
TAG205,2,NA,4,4,4,2,3.166666667,4,4,3,3.667,3.91794367,3.885512129,0.18669732,4.51693373,4.509258397,0.307610977,NA,NA,NA,16.20218579,12.27123288,5
TAG206,NA,NA,NA,NA,NA,NA,NA,NA,NA,NA,NA,3.342571065,3.402073657,-0.296741152,4.34069105,4.340794249,0.139146828,NA,NA,NA,NA,NA,NA
TAG207,1,4,2,5,2,4,2,7,7,7,7,3.127019134,3.211756928,-0.487057881,3.948827479,3.979337398,-0.222310023,NA,NA,NA,15.18630137,NA,5
TAG208,3,NA,NA,NA,NA,2,3.333333333,5,4,5,4.667,3.461564878,3.528600288,-0.170214521,4.465524907,4.410366972,0.208719552,NA,NA,NA,15.49180328,13.51780822,4
TAG209,NA,NA,NA,NA,NA,NA,NA,1,1,1,1,3.929137835,3.900671501,0.201856692,4.365700491,4.299366732,0.097719311,NA,NA,NA,14.8105472,NA,NA
TAG210,3,NA,NA,NA,NA,2,3.166666667,5,4,3,4,3.830374078,3.815137886,0.116323077,4.650782081,4.618002839,0.416355418,NA,NA,NA,14.75342466,NA,3.25
TAG211,NA,NA,NA,NA,NA,NA,NA,5,5,7,5.667,3.140957213,3.19446256,-0.504352249,3.396541974,3.484846162,-0.716801258,NA,NA,NA,14.66260948,11.47671233,NA
TAG215,2,NA,5,5,NA,4,4.333333333,5,4,6,5,3.312907851,3.333853492,-0.364961317,3.840867458,3.824265878,-0.377381543,NA,NA,NA,14.06027397,NA,3.5
TAG218,3,NA,NA,1,5,2,2.166666667,3,4,4,3.667,3.544924392,3.560509207,-0.138305602,4.316600888,4.302055837,0.100408417,NA,NA,NA,14.40547945,NA,5
TAG220,2,NA,1,1,5,2,2,2,4,6,4,3.101681923,3.271782184,-0.427032625,3.611653597,3.673377501,-0.52826992,NA,NA,NA,14.23835616,11.72876712,4.75
TAG221,2,NA,3,3,6,2,4.166666667,4,5,5,4.667,3.224863557,3.245613509,-0.4532013,4.016339606,3.989529632,-0.212117788,NA,NA,NA,14.38082192,NA,4.75
TAG223,3,NA,NA,1,4,2,1.833333333,3,1,4,2.667,4.053224413,4.015904015,0.317089206,4.669775231,4.630989585,0.429342165,NA,NA,NA,13.71780822,NA,4.25
TAG224,NA,NA,NA,NA,NA,NA,NA,5,7,5,5.667,3.04354526,3.096091633,-0.602723176,3.768829309,3.851087777,-0.350559644,NA,NA,NA,13.9369863,NA,4.25
TAG225,1,4,5,3,3,2,1.5,5,5,3,4.333,3.692791123,3.697779349,-0.00103546,3.650959554,3.721331931,-0.48031549,NA,NA,NA,14.02465753,9.257534247,5
TAG232,NA,NA,NA,NA,NA,NA,NA,4,2,6,4,3.093403704,3.214481743,-0.484333066,3.389363782,3.454031782,-0.747615638,NA,NA,NA,13.92876712,NA,NA
TAG233,NA,NA,NA,NA,NA,NA,NA,NA,NA,NA,NA,3.266362664,3.326776621,-0.372038188,NA,NA,NA,NA,NA,NA,NA,NA,NA
TAG238,4,NA,NA,1,4,2,3.5,3,4,4,3.667,3.657346335,3.692790193,-0.006024616,4.174036227,4.15476847,-0.04687895,NA,NA,NA,14.59178082,NA,4.5
TAG240,NA,NA,NA,NA,NA,NA,NA,NA,NA,NA,NA,3.350853527,3.383303667,-0.315511142,NA,NA,NA,NA,NA,NA,NA,10.36712329,NA
TAG243,3,NA,NA,5,1,2,3.5,4,6,6,5.333,4.181876337,4.129394548,0.430579739,4.416358754,4.428496453,0.226849033,NA,NA,NA,14.26575342,NA,5
TAG244,NA,NA,NA,NA,NA,NA,NA,NA,NA,NA,NA,3.178917212,3.293722326,-0.405092483,4.66768106,4.603522539,0.401875119,NA,NA,NA,14.08219178,NA,NA
TAG247,3,NA,NA,1,5,2,2,2,2,2,2,3.33602653,3.433198646,-0.265616163,3.953494305,3.969249768,-0.232397653,NA,NA,NA,14.20821918,NA,4.75
TAG250,3,NA,NA,3,3,2,2.166666667,5,2,6,4.333,3.742281835,3.768832645,0.070017836,4.046514579,4.053512837,-0.148134584,NA,NA,NA,14.31506849,NA,5
TAG252,2,NA,2,1,5,2,2.333333333,6,4,6,5.333,3.441314739,3.472624228,-0.226190581,3.757746588,3.827841145,-0.373806276,NA,NA,NA,14.34794521,11.48767123,5
TAG253,3,NA,NA,4,6,2,1.833333333,2,4,4,3.333,3.465655918,3.564776589,-0.13403822,4.307399454,4.320876689,0.119229268,NA,NA,NA,13.84931507,NA,4.25
TAG257,NA,NA,NA,NA,NA,NA,NA,4,4,7,5,3.200634007,3.465638549,-0.23317626,4.272679661,4.268830303,0.067182882,NA,NA,NA,14.90410959,NA,NA
TAG261,3,NA,NA,4,6,2,3.333333333,1,1,1,1,3.528531095,3.552828723,-0.145986086,4.233562239,4.233561092,0.031913671,NA,NA,NA,13.95890411,NA,3.75
TAG266,NA,NA,NA,NA,NA,NA,NA,NA,NA,NA,NA,3.34438415,3.508802665,-0.190012144,4.187972723,4.198685774,-0.002961647,NA,NA,NA,NA,NA,NA